{"cameraMode":{"drawMode":0,"name":"Shaded","section":"Shading Mode"},"sceneLighting":true,"audioPlay":false,"sceneViewState":{"showFog":true,"showMaterialUpdate":false,"showSkybox":true,"showFlares":true,"showImageEffects":true,"showParticleSystems":true},"in2DMode":false,"pivot":{"x":-0.6028692722320557,"y":3.472409725189209,"z":-5.718011856079102},"rotation":{"x":0.35028135776519778,"y":0.011239355430006981,"z":-0.00420359754934907,"w":0.9365682005882263},"size":5.426644802093506,"orthographic":false}